,SetCode,TsdnValue,error_percentage
0,0,0.558711426,0.928928627015007
1,1,0.555819707,0.768188271261813
2,2,0.555860085,0.7704327404113347
3,3,0.55260936,0.5897365202890502
4,4,0.544000451,0.11119794330183513
5,5,0.538646522,0.1864078932740454
6,6,0.53872012,0.18231684269038426
7,7,0.531944389,0.5589555864369136
